Date,minor,Close,High,Low,Volume,Open
2015-12-31,TSLA,240.00999500000003,243.44999700000002,238.36999500000002,2715000.0,238.50999500000003
2016-01-04,TSLA,223.41000400000001,231.38000499999998,219.0,6827100.0,230.72000099999997
2016-01-05,TSLA,223.42999300000002,226.88999900000002,220.0,3186800.0,226.36000099999998
2016-01-06,TSLA,219.039993,220.05000299999998,215.979996,3779100.0,220.0
2016-01-07,TSLA,215.649994,218.440002,213.669998,3554300.0,214.190002
2016-01-08,TSLA,211.0,220.440002,210.770004,3628100.0,217.86000099999998
2016-01-11,TSLA,207.850006,214.44999700000002,203.0,4089700.0,214.00999500000003
2016-01-12,TSLA,209.97000099999997,213.74000499999997,205.309998,3091900.0,211.600006
2016-01-13,TSLA,200.309998,212.649994,200.0,4126400.0,212.00999500000003
2016-01-14,TSLA,206.179993,210.0,193.380005,6490700.0,202.21000700000002
2016-01-15,TSLA,204.990005,205.070007,197.25,5578600.0,198.970001
2016-01-19,TSLA,204.720001,210.47000099999997,200.779999,4038700.0,208.71000700000002
2016-01-20,TSLA,198.699997,201.279999,191.25,5838600.0,199.399994
2016-01-21,TSLA,199.970001,203.229996,195.020004,3166200.0,201.550003
2016-01-22,TSLA,202.550003,205.5,199.029999,3124100.0,204.800003
2016-01-25,TSLA,196.380005,203.570007,195.880005,2698700.0,200.059998
2016-01-26,TSLA,193.559998,197.820007,188.880005,4946800.0,196.699997
2016-01-27,TSLA,188.070007,193.259995,185.770004,3617200.0,192.380005
2016-01-28,TSLA,189.699997,191.279999,182.41000400000001,4592800.0,190.78999299999998
2016-01-29,TSLA,191.199997,193.740005,188.080002,2852300.0,189.949997
2016-02-01,TSLA,196.940002,199.520004,182.75,5297600.0,188.759995
2016-02-02,TSLA,182.779999,193.119995,180.229996,5773600.0,192.419998
2016-02-03,TSLA,173.479996,183.940002,170.179993,7931400.0,183.58999599999999
2016-02-04,TSLA,175.330002,175.979996,166.990005,4363900.0,170.699997
2016-02-05,TSLA,162.600006,173.0,157.740005,9437600.0,171.300003
2016-02-08,TSLA,147.990005,157.149994,146.0,9313000.0,157.100006
2016-02-09,TSLA,148.25,159.78999299999998,141.050003,8575100.0,142.320007
2016-02-10,TSLA,143.669998,154.970001,141.740005,10406500.0,150.5
2016-02-11,TSLA,150.470001,163.259995,147.0,14252400.0,152.0
2016-02-12,TSLA,151.03999299999998,157.009995,143.699997,7235800.0,155.0
2016-02-16,TSLA,155.169998,162.949997,154.110001,5593800.0,158.699997
2016-02-17,TSLA,168.679993,169.33999599999999,156.679993,5825200.0,159.0
2016-02-18,TSLA,166.770004,172.949997,164.770004,3887600.0,172.419998
2016-02-19,TSLA,166.580002,167.490005,162.5,2959400.0,163.66000400000001
2016-02-22,TSLA,177.740005,178.91000400000001,169.850006,5060100.0,170.119995
2016-02-23,TSLA,177.21000700000002,181.729996,173.679993,5984400.0,176.16000400000001
2016-02-24,TSLA,179.0,179.5,167.83999599999999,5395600.0,172.75
2016-02-25,TSLA,187.429993,188.520004,175.199997,5720500.0,178.649994
2016-02-26,TSLA,190.33999599999999,192.0,185.0,6065100.0,188.699997
2016-02-29,TSLA,191.929993,196.350006,189.220001,4499000.0,192.399994
2016-03-01,TSLA,186.350006,195.949997,182.699997,6712200.0,194.25
2016-03-02,TSLA,188.33999599999999,188.520004,181.5,4862400.0,183.729996
2016-03-03,TSLA,195.740005,197.419998,184.220001,4820500.0,188.279999
2016-03-04,TSLA,201.03999299999998,204.029999,197.5,6489100.0,198.0
2016-03-07,TSLA,205.28999299999998,209.699997,197.399994,5329400.0,197.679993
2016-03-08,TSLA,202.600006,207.5,202.199997,4178700.0,203.5
2016-03-09,TSLA,208.720001,209.369995,202.78999299999998,3208600.0,204.520004
2016-03-10,TSLA,205.179993,213.289993,200.669998,5183200.0,210.0
2016-03-11,TSLA,207.5,209.419998,205.330002,3343100.0,207.929993
2016-03-14,TSLA,215.149994,216.72000099999997,210.63999900000002,4065700.0,212.649994
2016-03-15,TSLA,218.33999599999999,218.97000099999997,211.5,3180500.0,214.270004
2016-03-16,TSLA,221.92999300000002,222.580002,217.020004,3516700.0,218.0
2016-03-17,TSLA,226.38000499999998,228.5,220.0,3782900.0,221.47000099999997
2016-03-18,TSLA,232.74000499999997,234.479996,228.059998,4711800.0,229.100006
2016-03-21,TSLA,238.32000699999998,239.88000499999998,235.0,5307800.0,235.33999599999999
2016-03-22,TSLA,234.24000499999997,238.99000499999997,232.559998,4316000.0,237.210007
2016-03-23,TSLA,222.580002,234.729996,222.02999900000003,4948800.0,232.36999500000002
2016-03-24,TSLA,227.75,228.88999900000002,215.0,4960900.0,215.77999900000003
2016-03-28,TSLA,230.25999500000003,234.809998,225.0,3925700.0,231.61000099999998
2016-03-29,TSLA,230.13000499999998,232.38000499999998,225.330002,4004900.0,229.88999900000002
2016-03-30,TSLA,226.88999900000002,235.5,226.5,4033000.0,235.08999599999999
2016-03-31,TSLA,229.770004,237.419998,225.00999500000003,8012900.0,229.33999599999999
2016-04-01,TSLA,237.58999599999999,247.899994,233.25,15997500.0,244.830002
2016-04-04,TSLA,246.99000499999997,252.11999500000002,243.63999900000002,13475300.0,249.11999500000002
2016-04-05,TSLA,255.47000099999997,256.559998,240.0,9948700.0,240.5
2016-04-06,TSLA,265.420013,267.73999,253.44999700000002,11679900.0,253.97000099999997
2016-04-07,TSLA,257.200012,269.339996,254.50999500000003,8856200.0,266.450012
2016-04-08,TSLA,250.07000699999998,260.820007,248.020004,7363900.0,260.5
2016-04-11,TSLA,249.919998,258.98999,245.30000299999998,9161700.0,251.0
2016-04-12,TSLA,247.82000699999998,251.80000299999998,243.63000499999998,5750800.0,249.5
2016-04-13,TSLA,254.52999900000003,255.5,247.330002,4925600.0,248.50999500000003
2016-04-14,TSLA,251.86000099999998,256.839996,251.05000299999998,4120000.0,253.0
2016-04-15,TSLA,254.50999500000003,254.600006,249.11999500000002,3752400.0,251.309998
2016-04-18,TSLA,253.88000499999998,258.309998,251.66000400000001,4261800.0,252.229996
2016-04-19,TSLA,247.36999500000002,254.36999500000002,241.25,6357500.0,253.11999500000002
2016-04-20,TSLA,249.97000099999997,253.66000400000001,241.5,5194100.0,246.25999500000003
2016-04-21,TSLA,248.289993,250.899994,246.91000400000001,2783100.0,248.99000499999997
2016-04-22,TSLA,253.75,254.0,245.710007,3786300.0,248.88999900000002
2016-04-25,TSLA,251.82000699999998,257.380005,250.75999500000003,3670300.0,253.00999500000003
2016-04-26,TSLA,253.74000499999997,255.729996,249.38999900000002,3223800.0,252.05000299999998
2016-04-27,TSLA,251.47000099999997,255.0,249.399994,3205800.0,252.75
2016-04-28,TSLA,247.710007,253.42999300000002,247.440002,2519000.0,249.850006
2016-04-29,TSLA,240.75999500000003,248.42999300000002,237.809998,5413800.0,248.13999900000002
2016-05-02,TSLA,241.80000299999998,243.190002,234.82000699999998,3843900.0,241.5
2016-05-03,TSLA,232.32000699999998,238.91000400000001,231.61999500000002,4302200.0,237.36000099999998
2016-05-04,TSLA,222.559998,234.460007,220.399994,8262500.0,230.289993
2016-05-05,TSLA,211.52999900000003,228.63999900000002,209.789993,11254800.0,228.460007
2016-05-06,TSLA,214.92999300000002,216.36999500000002,208.110001,5685200.0,210.86999500000002
2016-05-09,TSLA,208.919998,216.149994,206.800003,4776400.0,215.72000099999997
2016-05-10,TSLA,208.690002,209.470001,205.0,4065200.0,207.550003
2016-05-11,TSLA,208.96000700000002,215.479996,206.050003,5161900.0,207.58999599999999
2016-05-12,TSLA,207.279999,211.669998,203.66000400000001,3650500.0,211.440002
2016-05-13,TSLA,207.610001,211.19999700000002,206.699997,2822800.0,207.779999
2016-05-16,TSLA,208.28999299999998,213.149994,207.919998,2949400.0,208.149994
2016-05-17,TSLA,204.66000400000001,209.82000699999998,204.020004,2843600.0,209.050003
2016-05-18,TSLA,211.169998,215.309998,207.75,5617500.0,209.149994
2016-05-19,TSLA,215.210007,216.789993,207.300003,6866300.0,213.61999500000002
2016-05-20,TSLA,220.27999900000003,220.55000299999998,216.350006,9007100.0,216.99000499999997
2016-05-23,TSLA,216.22000099999997,222.600006,215.86000099999998,5093200.0,219.86999500000002
2016-05-24,TSLA,217.91000400000001,218.74000499999997,215.17999300000002,3013800.0,216.600006
2016-05-25,TSLA,219.580002,221.36000099999998,216.50999500000003,3126800.0,217.91000400000001
2016-05-26,TSLA,225.11999500000002,225.25999500000003,219.05000299999998,4064000.0,220.5
2016-05-27,TSLA,223.039993,225.92999300000002,220.75,3650300.0,224.99000499999997
2016-05-31,TSLA,223.229996,224.75,221.5,2789000.0,223.039993
2016-06-01,TSLA,219.559998,222.399994,216.88999900000002,2982700.0,221.479996
2016-06-02,TSLA,218.960007,219.91000400000001,217.11000099999998,2009400.0,219.58999599999999
2016-06-03,TSLA,218.99000499999997,221.940002,218.00999500000003,2229000.0,220.0
2016-06-06,TSLA,220.67999300000002,220.899994,215.44999700000002,2249500.0,218.0
2016-06-07,TSLA,232.33999599999999,234.440002,221.520004,6213600.0,222.24000499999997
2016-06-08,TSLA,235.520004,240.850006,232.61000099999998,5972000.0,233.80000299999998
2016-06-09,TSLA,229.36000099999998,235.330002,227.059998,4492100.0,234.979996
2016-06-10,TSLA,218.789993,227.97000099999997,218.419998,6026600.0,227.38999900000002
2016-06-13,TSLA,217.86999500000002,225.770004,217.66000400000001,4193000.0,219.5
2016-06-14,TSLA,214.960007,222.19999700000002,212.52999900000003,3580200.0,218.88000499999998
2016-06-15,TSLA,217.69999700000002,221.899994,215.13000499999998,2908500.0,216.94999700000002
2016-06-16,TSLA,217.92999300000002,218.039993,213.5,2440300.0,217.419998
2016-06-17,TSLA,215.47000099999997,219.99000499999997,214.5,3112600.0,217.809998
2016-06-20,TSLA,219.69999700000002,223.75,218.229996,3555500.0,219.5
2016-06-21,TSLA,219.61000099999998,222.57000699999998,218.809998,4529000.0,220.67999300000002
2016-06-22,TSLA,196.66000400000001,205.949997,195.75,23742400.0,199.470001
2016-06-23,TSLA,196.399994,197.550003,192.130005,10130700.0,195.690002
2016-06-24,TSLA,193.149994,195.119995,189.729996,7026500.0,190.050003
2016-06-27,TSLA,198.550003,198.809998,187.869995,7205400.0,190.860001
2016-06-28,TSLA,201.78999299999998,204.050003,199.41000400000001,6212400.0,201.889999
2016-06-29,TSLA,210.190002,211.77999900000003,203.0,5994900.0,205.130005
2016-06-30,TSLA,212.27999900000003,213.5,209.020004,4843100.0,212.97000099999997
2016-07-01,TSLA,216.5,218.24000499999997,206.0,5400000.0,206.139999
2016-07-05,TSLA,213.979996,214.539993,208.0,5175300.0,209.729996
2016-07-06,TSLA,214.440002,215.229996,209.0,4919900.0,210.0
2016-07-07,TSLA,215.940002,218.11999500000002,213.00999500000003,3599700.0,213.100006
2016-07-08,TSLA,216.77999900000003,219.809998,214.5,4074800.0,217.80000299999998
2016-07-11,TSLA,224.77999900000003,226.77999900000003,219.50999500000003,5429800.0,219.960007
2016-07-12,TSLA,224.649994,227.5,223.22000099999997,4571300.0,224.100006
2016-07-13,TSLA,222.52999900000003,225.58999599999999,220.289993,3567100.0,225.5
2016-07-14,TSLA,221.52999900000003,224.940002,221.05000299999998,2675800.0,223.11999500000002
2016-07-15,TSLA,220.399994,222.75,219.63999900000002,2234200.0,222.520004
2016-07-18,TSLA,226.25,227.08999599999999,218.30000299999998,3412100.0,219.63999900000002
2016-07-19,TSLA,225.25999500000003,229.100006,224.75,3115100.0,225.0
2016-07-20,TSLA,228.36000099999998,229.80000299999998,225.0,2568500.0,226.47000099999997
2016-07-21,TSLA,220.5,227.850006,219.100006,4428700.0,226.0
2016-07-22,TSLA,222.270004,224.5,218.88000499999998,2579700.0,221.99000499999997
2016-07-25,TSLA,230.00999500000003,231.38999900000002,221.36999500000002,4490700.0,222.270004
2016-07-26,TSLA,229.50999500000003,230.0,225.30000299999998,3430000.0,227.690002
2016-07-27,TSLA,228.49000499999997,233.36000099999998,226.919998,2885200.0,229.33999599999999
2016-07-28,TSLA,230.61000099999998,230.75999500000003,226.600006,2419100.0,227.94999700000002
2016-07-29,TSLA,234.789993,235.27999900000003,230.24000499999997,3070800.0,230.69999700000002
2016-08-01,TSLA,230.00999500000003,236.63000499999998,229.38000499999998,4016300.0,235.5
2016-08-02,TSLA,227.19999700000002,229.86999500000002,221.399994,3934400.0,229.36999500000002
2016-08-03,TSLA,225.789993,229.69999700000002,224.210007,3887800.0,227.36999500000002
2016-08-04,TSLA,230.61000099999998,230.86000099999998,222.05000299999998,4122800.0,225.690002
2016-08-05,TSLA,230.02999900000003,232.0,227.399994,3205200.0,230.0
2016-08-08,TSLA,226.16000400000001,229.600006,226.08999599999999,2263600.0,228.0
2016-08-09,TSLA,229.080002,231.539993,226.649994,2207800.0,226.82000699999998
2016-08-10,TSLA,225.649994,229.86999500000002,224.61999500000002,2338300.0,228.24000499999997
2016-08-11,TSLA,224.91000400000001,227.57000699999998,223.41000400000001,1875800.0,226.169998
2016-08-12,TSLA,225.61000099999998,226.649994,224.039993,1813500.0,225.41000400000001
2016-08-15,TSLA,225.58999599999999,229.5,224.92999300000002,2034300.0,226.020004
2016-08-16,TSLA,223.61000099999998,227.190002,223.41000400000001,2267100.0,225.49000499999997
2016-08-17,TSLA,223.24000499999997,224.830002,222.80000299999998,1787100.0,224.330002
2016-08-18,TSLA,223.50999500000003,225.66000400000001,222.289993,1714500.0,223.82000699999998
2016-08-19,TSLA,225.0,225.169998,222.52999900000003,1659500.0,223.539993
2016-08-22,TSLA,222.92999300000002,225.11000099999998,222.67999300000002,2065500.0,224.169998
2016-08-23,TSLA,224.83999599999999,228.49000499999997,222.80000299999998,4784400.0,224.32000699999998
2016-08-24,TSLA,222.61999500000002,227.149994,222.22000099999997,2570700.0,227.05000299999998
2016-08-25,TSLA,220.960007,223.80000299999998,220.770004,1762500.0,223.11000099999998
2016-08-26,TSLA,219.99000499999997,222.86000099999998,218.82000699999998,2239000.0,222.13999900000002
2016-08-29,TSLA,215.19999700000002,220.399994,215.0,3257100.0,220.149994
2016-08-30,TSLA,211.33999599999999,216.11000099999998,210.520004,3168900.0,216.11000099999998
2016-08-31,TSLA,212.00999500000003,212.600006,208.649994,3276500.0,210.42999300000002
2016-09-01,TSLA,200.770004,211.100006,200.5,7943100.0,209.009995
2016-09-02,TSLA,197.779999,203.199997,196.199997,5977400.0,202.330002
2016-09-06,TSLA,202.830002,203.25,199.0,4390600.0,199.020004
2016-09-07,TSLA,201.71000700000002,206.5,200.71000700000002,3640900.0,205.5
2016-09-08,TSLA,197.360001,199.889999,196.360001,3370000.0,199.550003
2016-09-09,TSLA,194.470001,199.919998,193.699997,3757000.0,199.08999599999999
2016-09-12,TSLA,198.300003,201.369995,194.100006,3715200.0,195.0
2016-09-13,TSLA,196.050003,198.490005,193.449997,3589400.0,197.059998
2016-09-14,TSLA,196.41000400000001,197.919998,194.860001,2254500.0,195.75
2016-09-15,TSLA,200.419998,202.520004,196.399994,3077200.0,196.490005
2016-09-16,TSLA,205.399994,205.699997,199.0,3107800.0,200.419998
2016-09-19,TSLA,206.33999599999999,209.429993,205.0,2297000.0,207.0
2016-09-20,TSLA,204.639999,207.75,203.91000400000001,2410500.0,206.850006
2016-09-21,TSLA,205.220001,207.0,201.559998,2633500.0,206.369995
2016-09-22,TSLA,206.429993,207.279999,203.0,2382900.0,206.399994
2016-09-23,TSLA,207.449997,210.17999300000002,205.669998,2905200.0,205.990005
2016-09-26,TSLA,208.990005,211.0,206.5,2394400.0,206.5
2016-09-27,TSLA,205.809998,209.979996,204.610001,3373200.0,209.649994
2016-09-28,TSLA,206.270004,208.25,205.259995,2088400.0,207.509995
2016-09-29,TSLA,200.699997,207.330002,200.580002,2727000.0,205.600006
2016-09-30,TSLA,204.029999,204.979996,199.550003,2586300.0,202.21000700000002
2016-10-03,TSLA,213.69999700000002,215.669998,208.25,5999900.0,212.30000299999998
2016-10-04,TSLA,211.41000400000001,213.32000699999998,208.820007,3541500.0,213.100006
2016-10-05,TSLA,208.46000700000002,213.149994,208.119995,1877500.0,212.24000499999997
2016-10-06,TSLA,201.0,204.21000700000002,200.21000700000002,4703400.0,202.46000700000002
2016-10-07,TSLA,196.610001,201.320007,195.800003,3493000.0,201.0
2016-10-10,TSLA,200.949997,204.139999,199.66000400000001,3303100.0,201.350006
2016-10-11,TSLA,200.100006,202.199997,198.309998,2328400.0,201.850006
2016-10-12,TSLA,201.509995,203.880005,200.419998,1970700.0,200.949997
2016-10-13,TSLA,200.240005,200.899994,197.050003,2494600.0,200.5
2016-10-14,TSLA,196.509995,201.429993,196.300003,4269900.0,200.66000400000001
2016-10-17,TSLA,193.96000700000002,198.389999,192.0,4554100.0,197.050003
2016-10-18,TSLA,199.100006,199.470001,193.259995,5669000.0,195.990005
2016-10-19,TSLA,203.559998,206.66000400000001,198.059998,6991200.0,199.740005
2016-10-20,TSLA,199.100006,203.0,197.050003,5072900.0,202.119995
2016-10-21,TSLA,200.08999599999999,201.570007,197.41000400000001,2943400.0,198.600006
2016-10-24,TSLA,202.759995,203.949997,200.25,2751600.0,201.0
2016-10-25,TSLA,202.33999599999999,204.690002,201.199997,2445000.0,202.899994
2016-10-26,TSLA,202.240005,203.190002,200.100006,5632800.0,201.0
2016-10-27,TSLA,204.009995,213.69999700000002,201.649994,13093700.0,211.33999599999999
2016-10-28,TSLA,199.970001,205.320007,199.830002,4280100.0,204.0
2016-10-31,TSLA,197.729996,202.490005,195.809998,4692300.0,202.490005
2016-11-01,TSLA,190.78999299999998,198.5,188.110001,7060000.0,198.03999299999998
2016-11-02,TSLA,188.020004,192.699997,187.509995,4253400.0,190.050003
2016-11-03,TSLA,187.419998,191.470001,187.03999299999998,2653000.0,189.0
2016-11-04,TSLA,190.559998,193.46000700000002,185.96000700000002,5146000.0,189.0
2016-11-07,TSLA,193.21000700000002,194.28999299999998,190.050003,3870100.0,193.58999599999999
2016-11-08,TSLA,194.940002,197.490005,191.259995,3251400.0,193.78999299999998
2016-11-09,TSLA,190.059998,192.0,183.949997,8173100.0,186.880005
2016-11-10,TSLA,185.350006,191.610001,180.419998,6750300.0,191.050003
2016-11-11,TSLA,188.559998,188.880005,183.0,3988500.0,184.240005
2016-11-14,TSLA,181.449997,188.25,178.190002,6542200.0,188.0
2016-11-15,TSLA,183.770004,186.429993,182.050003,3902000.0,182.779999
2016-11-16,TSLA,183.929993,184.729996,181.21000700000002,3430400.0,182.649994
2016-11-17,TSLA,188.66000400000001,189.490005,182.110001,4887100.0,183.490005
2016-11-18,TSLA,185.020004,193.0,185.0,5210300.0,190.649994
2016-11-21,TSLA,184.520004,188.889999,184.41000400000001,4361000.0,185.03999299999998
2016-11-22,TSLA,191.169998,191.470001,183.71000700000002,5603400.0,185.83999599999999
2016-11-23,TSLA,193.139999,195.639999,189.0,4885300.0,190.610001
2016-11-25,TSLA,196.649994,197.240005,193.639999,2366100.0,193.639999
2016-11-28,TSLA,196.119995,199.350006,194.550003,4529200.0,195.479996
2016-11-29,TSLA,189.570007,196.729996,189.5,4439300.0,195.559998
2016-11-30,TSLA,189.399994,191.889999,187.5,3547100.0,191.0
2016-12-01,TSLA,181.880005,188.529999,181.0,5126400.0,188.25
2016-12-02,TSLA,181.470001,184.880005,180.0,4042300.0,182.880005
2016-12-05,TSLA,186.800003,188.889999,182.509995,4072200.0,182.509995
2016-12-06,TSLA,185.850006,186.580002,182.679993,3391600.0,185.520004
2016-12-07,TSLA,193.149994,193.399994,185.0,5461900.0,186.149994
2016-12-08,TSLA,192.28999299999998,192.5,189.53999299999998,3194100.0,192.050003
2016-12-09,TSLA,192.179993,193.83999599999999,190.809998,2722500.0,190.869995
2016-12-12,TSLA,192.429993,194.419998,191.179993,2438900.0,192.800003
2016-12-13,TSLA,198.149994,201.279999,193.0,6823900.0,193.179993
2016-12-14,TSLA,198.690002,203.0,196.759995,4150900.0,198.740005
2016-12-15,TSLA,197.580002,200.740005,197.389999,3219600.0,198.41000400000001
2016-12-16,TSLA,202.490005,202.58999599999999,197.600006,3779800.0,198.080002
2016-12-19,TSLA,202.729996,204.449997,199.83999599999999,3488100.0,202.490005
2016-12-20,TSLA,208.78999299999998,209.0,202.5,4689100.0,203.050003
2016-12-21,TSLA,207.699997,212.229996,207.41000400000001,5207600.0,208.449997
2016-12-22,TSLA,208.449997,209.99000499999997,206.5,3111100.0,208.220001
2016-12-23,TSLA,213.33999599999999,213.44999700000002,207.71000700000002,4662900.0,208.0
2016-12-27,TSLA,219.52999900000003,222.25,214.419998,5915700.0,214.88000499999998
2016-12-28,TSLA,219.74000499999997,223.80000299999998,217.19999700000002,3782500.0,221.52999900000003
2016-12-29,TSLA,214.67999300000002,219.19999700000002,214.11999500000002,4035900.0,218.559998
2016-12-30,TSLA,213.690002,217.5,211.67999300000002,4642600.0,216.30000299999998
2017-01-03,TSLA,216.99000499999997,220.330002,210.960007,5923300.0,214.86000099999998
2017-01-04,TSLA,226.99000499999997,228.0,214.309998,11213500.0,214.75
2017-01-05,TSLA,226.75,227.479996,221.94999700000002,5911700.0,226.419998
2017-01-06,TSLA,229.00999500000003,230.309998,225.44999700000002,5527900.0,226.92999300000002
2017-01-09,TSLA,231.27999900000003,231.919998,228.0,3957000.0,228.97000099999997
2017-01-10,TSLA,229.86999500000002,232.0,226.88999900000002,3660000.0,232.0
2017-01-11,TSLA,229.729996,229.979996,226.67999300000002,3650800.0,229.07000699999998
2017-01-12,TSLA,229.58999599999999,230.69999700000002,225.580002,3786700.0,229.059998
2017-01-13,TSLA,237.75,237.850006,229.58999599999999,6093000.0,230.0
2017-01-17,TSLA,235.580002,239.960007,234.36999500000002,4611900.0,236.69999700000002
2017-01-18,TSLA,238.36000099999998,239.710007,235.580002,3769000.0,236.649994
2017-01-19,TSLA,243.75999500000003,248.67999300000002,240.75,7712100.0,247.25
2017-01-20,TSLA,244.729996,246.0,243.00999500000003,4204300.0,245.460007
2017-01-23,TSLA,248.919998,250.88999900000002,245.5,6262900.0,245.850006
2017-01-24,TSLA,254.61000099999998,254.80000299999998,249.649994,4965500.0,250.0
2017-01-25,TSLA,254.47000099999997,258.459991,251.80000299999998,5142600.0,257.309998
2017-01-26,TSLA,252.50999500000003,255.74000499999997,250.75,3152100.0,254.289993
2017-01-27,TSLA,252.94999700000002,253.0,248.520004,3152200.0,251.38000499999998
2017-01-30,TSLA,250.63000499999998,255.289993,247.100006,3801100.0,252.52999900000003
2017-01-31,TSLA,251.92999300000002,255.88999900000002,247.69999700000002,4116100.0,249.24000499999997
2017-02-01,TSLA,249.24000499999997,253.19999700000002,249.05000299999998,3958800.0,253.05000299999998
2017-02-02,TSLA,251.55000299999998,252.419998,247.710007,2499800.0,248.33999599999999
2017-02-03,TSLA,251.330002,252.17999300000002,249.67999300000002,2186700.0,251.91000400000001
2017-02-06,TSLA,257.769989,257.820007,250.63000499999998,3562500.0,251.0
2017-02-07,TSLA,257.480011,260.0,256.420013,4244800.0,258.190002
2017-02-08,TSLA,262.079987,263.359985,256.200012,3933000.0,257.350006
2017-02-09,TSLA,269.200012,271.179993,266.149994,7802300.0,266.25
2017-02-10,TSLA,269.230011,270.950012,266.109985,3619700.0,269.790009
2017-02-13,TSLA,280.600006,280.790009,270.51001,7029600.0,270.73999
2017-02-14,TSLA,280.980011,287.390015,278.609985,7329400.0,279.02999900000003
2017-02-15,TSLA,279.76001,282.23999,276.440002,4947900.0,280.0
2017-02-16,TSLA,268.950012,280.0,268.5,7077300.0,277.600006
2017-02-17,TSLA,272.230011,272.890015,264.149994,6257100.0,265.799988
2017-02-21,TSLA,277.390015,281.399994,274.01001,5676700.0,275.450012
2017-02-22,TSLA,273.51001,283.450012,272.600006,8081400.0,280.309998
2017-02-23,TSLA,255.99000499999997,264.660004,255.559998,14915200.0,264.0
2017-02-24,TSLA,257.0,258.25,250.19999700000002,8171600.0,252.66000400000001
2017-02-27,TSLA,246.229996,248.36000099999998,242.00999500000003,11460800.0,248.169998
2017-02-28,TSLA,249.99000499999997,251.0,243.899994,6078100.0,244.190002
2017-03-01,TSLA,250.020004,254.850006,249.11000099999998,4809500.0,254.17999300000002
2017-03-02,TSLA,250.479996,253.27999900000003,248.270004,3351800.0,249.710007
2017-03-03,TSLA,251.57000699999998,251.899994,249.0,2919400.0,250.74000499999997
2017-03-06,TSLA,251.210007,251.69999700000002,247.50999500000003,3355500.0,247.91000400000001
2017-03-07,TSLA,248.58999599999999,253.88999900000002,248.32000699999998,3459500.0,251.919998
2017-03-08,TSLA,246.86999500000002,250.07000699999998,245.32000699999998,3725200.0,247.0
2017-03-09,TSLA,244.899994,248.66000400000001,243.0,3879300.0,247.63000499999998
2017-03-10,TSLA,243.690002,246.5,243.0,3066300.0,246.210007
2017-03-13,TSLA,246.169998,246.850006,242.77999900000003,3022600.0,244.82000699999998
2017-03-14,TSLA,258.0,258.119995,246.020004,7598400.0,246.11000099999998
2017-03-15,TSLA,255.729996,261.0,254.270004,5330800.0,257.0
2017-03-16,TSLA,262.049988,265.75,259.059998,7132200.0,262.399994
2017-03-17,TSLA,261.5,265.329987,261.200012,6497500.0,264.0
2017-03-20,TSLA,261.920013,264.549988,258.820007,3614300.0,260.600006
2017-03-21,TSLA,250.67999300000002,264.799988,250.24000499999997,6908600.0,262.829987
2017-03-22,TSLA,255.00999500000003,255.07000699999998,250.50999500000003,4059300.0,251.559998
2017-03-23,TSLA,254.77999900000003,257.670013,253.30000299999998,3320200.0,255.38999900000002
2017-03-24,TSLA,263.160004,263.890015,255.00999500000003,5647300.0,255.69999700000002
2017-03-27,TSLA,270.22000099999997,270.570007,259.75,6230800.0,260.600006
2017-03-28,TSLA,277.450012,280.679993,275.0,7987600.0,277.019989
2017-03-29,TSLA,277.380005,279.600006,275.540009,3676200.0,278.339996
2017-03-30,TSLA,277.920013,282.0,277.209991,4148400.0,278.040009
2017-03-31,TSLA,278.299988,279.679993,276.320007,3294600.0,278.730011
2017-04-03,TSLA,298.519989,299.0,284.579987,13888600.0,286.899994
2017-04-04,TSLA,303.700012,304.809998,294.52999900000003,10134600.0,296.890015
2017-04-05,TSLA,295.0,304.880005,294.200012,7880900.0,302.040009
2017-04-06,TSLA,298.700012,301.940002,294.100006,5520600.0,296.880005
2017-04-07,TSLA,302.540009,302.690002,297.149994,4579600.0,297.5
2017-04-10,TSLA,312.390015,313.730011,308.709991,7664500.0,309.149994
2017-04-11,TSLA,308.709991,313.47000099999997,305.5,5724600.0,313.380005
2017-04-12,TSLA,296.839996,308.450012,296.320007,6050700.0,306.339996
2017-04-13,TSLA,304.0,307.390015,295.299988,9284600.0,296.700012
2017-04-17,TSLA,301.440002,304.0,298.679993,4138700.0,302.700012
2017-04-18,TSLA,300.25,300.839996,297.899994,3035700.0,299.700012
2017-04-19,TSLA,305.519989,306.619995,302.109985,3898000.0,302.459991
2017-04-20,TSLA,302.51001,309.149994,300.230011,6149400.0,306.51001
2017-04-21,TSLA,305.600006,306.399994,300.420013,4509800.0,302.0
2017-04-24,TSLA,308.02999900000003,310.549988,306.019989,5083500.0,309.22000099999997
2017-04-25,TSLA,313.790009,313.980011,305.859985,6737700.0,308.0
2017-04-26,TSLA,310.170013,314.5,309.0,4695000.0,312.369995
2017-04-27,TSLA,308.630005,313.089996,307.5,3468600.0,311.690002
2017-04-28,TSLA,314.070007,314.799988,308.0,4505500.0,309.829987
2017-05-01,TSLA,322.829987,327.25,314.809998,8829600.0,314.880005
2017-05-02,TSLA,318.890015,327.660004,316.559998,5382800.0,324.0
2017-05-03,TSLA,311.019989,321.52999900000003,310.450012,7133400.0,317.670013
2017-05-04,TSLA,295.459991,307.769989,290.76001,14152000.0,307.440002
2017-05-05,TSLA,308.350006,308.549988,296.799988,8177300.0,298.0
2017-05-08,TSLA,307.190002,313.790009,305.820007,7006500.0,310.899994
2017-05-09,TSLA,321.26001,321.98999,309.100006,9676500.0,309.380005
2017-05-10,TSLA,325.22000099999997,325.5,318.119995,5741600.0,321.559998
2017-05-11,TSLA,323.100006,326.0,319.600006,4753800.0,323.399994
2017-05-12,TSLA,324.809998,327.0,321.52999900000003,4121600.0,325.480011
2017-05-15,TSLA,315.880005,320.200012,312.52999900000003,7622000.0,318.380005
2017-05-16,TSLA,317.01001,320.059998,315.140015,4152500.0,317.589996
2017-05-17,TSLA,306.109985,314.630005,305.5,6711900.0,314.390015
2017-05-18,TSLA,313.059998,313.940002,305.309998,5653800.0,307.0
2017-05-19,TSLA,310.829987,316.5,310.200012,4687600.0,315.5
2017-05-22,TSLA,310.350006,314.369995,306.799988,4329200.0,312.799988
2017-05-23,TSLA,303.859985,310.730011,303.480011,4318400.0,310.459991
2017-05-24,TSLA,310.22000099999997,311.0,305.399994,5033300.0,306.51001
2017-05-25,TSLA,316.829987,316.97000099999997,307.809998,5014000.0,311.019989
2017-05-26,TSLA,325.140015,325.48999,316.309998,7763700.0,317.27999900000003
2017-05-30,TSLA,335.100006,336.27999900000003,325.76001,7782900.0,326.0
2017-05-31,TSLA,341.01001,342.890015,335.160004,9963400.0,337.690002
2017-06-01,TSLA,340.369995,344.880005,337.290009,7608000.0,344.0
2017-06-02,TSLA,339.850006,342.880005,335.929993,5590200.0,339.769989
2017-06-05,TSLA,347.320007,348.440002,334.209991,6784400.0,338.5
2017-06-06,TSLA,352.850006,359.48999,339.97000099999997,11086800.0,344.700012
2017-06-07,TSLA,359.649994,360.5,355.140015,9398000.0,356.339996
2017-06-08,TSLA,370.0,371.899994,360.22000099999997,9061500.0,363.75
2017-06-09,TSLA,357.320007,376.869995,354.799988,17261400.0,374.420013
2017-06-12,TSLA,359.01001,364.5,350.619995,10517700.0,357.98999
2017-06-13,TSLA,375.950012,376.0,366.609985,11807900.0,367.619995
2017-06-14,TSLA,380.660004,384.25,376.309998,12818400.0,381.089996
2017-06-15,TSLA,375.339996,375.459991,366.48999,10426500.0,372.5
2017-06-16,TSLA,371.399994,378.01001,370.100006,6731000.0,377.980011
2017-06-19,TSLA,369.799988,376.700012,367.799988,6549300.0,375.0
2017-06-20,TSLA,372.23999,378.880005,369.730011,7438700.0,376.670013
2017-06-21,TSLA,376.399994,376.98999,368.019989,4923200.0,374.350006
2017-06-22,TSLA,382.609985,385.0,373.570007,7529800.0,377.98999
2017-06-23,TSLA,383.450012,386.98999,379.350006,6445800.0,382.450012
2017-06-26,TSLA,377.48999,386.950012,373.100006,6604100.0,386.690002
2017-06-27,TSLA,362.369995,376.399994,362.019989,6996400.0,376.399994
2017-06-28,TSLA,371.23999,371.73999,362.519989,6302500.0,366.679993
2017-06-29,TSLA,360.75,371.0,354.100006,8221000.0,370.609985
2017-06-30,TSLA,361.609985,366.769989,359.619995,5848500.0,363.709991
2017-07-03,TSLA,352.619995,371.350006,351.5,6305400.0,370.23999
2017-07-05,TSLA,327.089996,347.23999,326.329987,17046700.0,347.200012
2017-07-06,TSLA,308.829987,320.790009,306.299988,19230400.0,317.26001
2017-07-07,TSLA,313.22000099999997,317.0,307.380005,14176900.0,313.5
2017-07-10,TSLA,316.049988,317.940002,303.130005,13820900.0,312.899994
2017-07-11,TSLA,327.22000099999997,327.27999900000003,314.299988,11559400.0,316.0
2017-07-12,TSLA,329.519989,333.100006,324.5,10346100.0,330.399994
2017-07-13,TSLA,323.410004,331.600006,319.97000099999997,8594500.0,330.109985
2017-07-14,TSLA,327.77999900000003,328.420013,321.22000099999997,5625200.0,323.190002
2017-07-17,TSLA,319.570007,327.100006,313.450012,9876900.0,325.540009
2017-07-18,TSLA,328.23999,329.130005,315.660004,6373700.0,317.5
2017-07-19,TSLA,325.26001,331.649994,323.22000099999997,6357000.0,328.230011
2017-07-20,TSLA,329.920013,330.22000099999997,324.200012,5166200.0,326.899994
2017-07-21,TSLA,328.399994,331.26001,325.799988,4901600.0,329.459991
2017-07-24,TSLA,342.519989,343.399994,330.01001,8637100.0,330.23999
2017-07-25,TSLA,339.600006,345.600006,334.149994,6989200.0,345.0
2017-07-26,TSLA,343.850006,345.5,338.119995,4820800.0,340.359985
2017-07-27,TSLA,334.459991,347.5,326.290009,8302400.0,346.0
2017-07-28,TSLA,335.070007,339.600006,332.51001,4880400.0,336.890015
2017-07-31,TSLA,323.47000099999997,341.48999,321.040009,8535100.0,335.5
2017-08-01,TSLA,319.570007,324.450012,316.130005,8303100.0,323.0
2017-08-02,TSLA,325.890015,327.119995,311.22000099999997,13091500.0,318.940002
2017-08-03,TSLA,347.089996,350.0,343.149994,13535000.0,345.329987
2017-08-04,TSLA,356.910004,357.269989,343.299988,9268900.0,347.0
2017-08-07,TSLA,355.170013,359.480011,352.75,6324500.0,357.350006
2017-08-08,TSLA,365.22000099999997,368.579987,357.399994,7449800.0,357.52999900000003
2017-08-09,TSLA,363.52999900000003,370.0,358.950012,6892100.0,361.0
2017-08-10,TSLA,355.399994,366.649994,354.660004,7092900.0,361.600006
2017-08-11,TSLA,357.869995,361.26001,353.619995,4365800.0,356.97000099999997
2017-08-14,TSLA,363.799988,367.660004,362.600006,4502700.0,364.630005
2017-08-15,TSLA,362.329987,365.48999,359.369995,3085100.0,365.200012
2017-08-16,TSLA,362.910004,366.5,362.519989,3413800.0,363.0
2017-08-17,TSLA,351.920013,363.299988,351.589996,5027700.0,361.209991
2017-08-18,TSLA,347.459991,354.0,345.799988,5408200.0,352.910004
2017-08-21,TSLA,337.859985,345.820007,331.850006,6495400.0,345.820007
2017-08-22,TSLA,341.350006,342.23999,337.369995,4322000.0,341.130005
2017-08-23,TSLA,352.769989,353.48999,338.299988,4954500.0,338.98999
2017-08-24,TSLA,352.929993,356.660004,349.73999,4584700.0,352.519989
2017-08-25,TSLA,348.049988,355.690002,347.299988,3484000.0,354.23999
2017-08-28,TSLA,345.660004,347.350006,339.72000099999997,3764000.0,347.27999900000003
2017-08-29,TSLA,347.359985,349.049988,338.75,4073700.0,339.480011
2017-08-30,TSLA,353.179993,353.47000099999997,347.0,3412900.0,349.670013
2017-08-31,TSLA,355.899994,358.440002,352.820007,4072800.0,353.549988
2017-09-01,TSLA,355.399994,357.589996,353.690002,3049500.0,356.119995
2017-09-05,TSLA,349.589996,355.48999,345.890015,3835100.0,353.799988
2017-09-06,TSLA,344.52999900000003,350.980011,341.559998,4091400.0,349.5
2017-09-07,TSLA,350.609985,352.480011,343.450012,4239200.0,345.980011
2017-09-08,TSLA,343.399994,349.77999900000003,342.299988,3263500.0,348.98999
2017-09-11,TSLA,363.690002,363.709991,350.0,7667100.0,351.350006
2017-09-12,TSLA,362.75,368.76001,360.399994,5972900.0,364.48999
2017-09-13,TSLA,366.230011,368.070007,359.589996,4185200.0,363.820007
2017-09-14,TSLA,377.640015,377.959991,362.630005,7202500.0,364.329987
2017-09-15,TSLA,379.809998,380.0,372.700012,5420500.0,374.51001
2017-09-18,TSLA,385.0,389.609985,377.679993,7188000.0,380.25
2017-09-19,TSLA,375.100006,382.390015,373.570007,6451900.0,380.0
2017-09-20,TSLA,373.910004,378.25,371.070007,4919100.0,373.0
2017-09-21,TSLA,366.480011,376.829987,364.51001,4618200.0,374.899994
2017-09-22,TSLA,351.089996,369.899994,350.880005,8159400.0,366.48999
2017-09-25,TSLA,344.98999,357.47000099999997,342.880005,7605900.0,353.149994
2017-09-26,TSLA,345.25,351.23999,340.899994,7156300.0,350.929993
2017-09-27,TSLA,340.97000099999997,351.48999,340.5,6060300.0,349.899994
2017-09-28,TSLA,339.600006,342.75,335.399994,5319600.0,339.880005
2017-09-29,TSLA,341.100006,344.679993,338.600006,5107100.0,341.859985
